id,created Date,updated Date,title,cover-image (url),cover-image (alt),excerpt,content (text),content (raw),author,featured,tags,name,slug,cover-image
6a5309c1b8b2536b5ecf951a,2026-07-12T03:28:01.110Z,,Erasmus Mundus Joint Master Degrees: Your Ticket to Europe,https://cdn.prod.website-files.com/68fd63e9503df62b019b5c9b/6a5309c1b8b2536b5ecf9516_c1465e45d447.jpeg,,How to apply for fully-funded Erasmus Mundus scholarships that let you study in multiple European countries.,"<p>Erasmus Mundus Joint Master Degrees (EMJMD) are among the most prestigious and fully-funded scholarship programs in the world. They allow students to study in at least two different European countries while earning a joint or multiple degree.</p><p>The scholarship covers tuition fees, travel costs, installation allowance, and a monthly stipend of EUR 1,400. Programs are available in virtually every field, from engineering and data science to humanities and public health.</p><p>Applications typically open between October and January for programs starting the following September. UniStation helps students identify suitable EMJMD programs and craft compelling applications that stand out.</p>","<p>Erasmus Mundus Joint Master Degrees (EMJMD) are among the most prestigious and fully-funded scholarship programs in the world. They allow students to study in at least two different European countries while earning a joint or multiple degree.</p><p>The scholarship covers tuition fees, travel costs, installation allowance, and a monthly stipend of EUR 1,400. Programs are available in virtually every field, from engineering and data science to humanities and public health.</p><p>Applications typically open between October and January for programs starting the following September. UniStation helps students identify suitable EMJMD programs and craft compelling applications that stand out.</p>",UniStation Team,False,"europe, scholarships, erasmus",Erasmus Mundus Joint Master Degrees: Your Ticket to Europe,europe-erasmus-mundus-scholarships,
6a5309bdc2849b39c5b3cd9a,2026-07-12T03:27:57.980Z,,Best Destinations to Study in Europe: A Comparative Guide,https://cdn.prod.website-files.com/68fd63e9503df62b019b5c9b/6a5309bdc2849b39c5b3cd96_5d0f43daf98b.jpeg,,Compare top European study destinations — from tuition-free Germany to innovative Netherlands and culturally rich France and Italy.,"<p>Europe offers an incredible diversity of study destinations, each with its own unique advantages. Germany leads with tuition-free education, the Netherlands excels in English-taught programs, France is renowned for arts and business, and Italy offers world-class design and architecture programs.</p><p>The Bologna Process ensures degree compatibility across European countries, making it easier to transfer credits or pursue further studies in different European nations. Many countries also offer generous post-study work opportunities.</p><p>UniStation's European education specialists help students compare destinations, understand admission requirements, and navigate the diverse application systems across European countries.</p>","<p>Europe offers an incredible diversity of study destinations, each with its own unique advantages. Germany leads with tuition-free education, the Netherlands excels in English-taught programs, France is renowned for arts and business, and Italy offers world-class design and architecture programs.</p><p>The Bologna Process ensures degree compatibility across European countries, making it easier to transfer credits or pursue further studies in different European nations. Many countries also offer generous post-study work opportunities.</p><p>UniStation's European education specialists help students compare destinations, understand admission requirements, and navigate the diverse application systems across European countries.</p>",UniStation Team,True,"europe, france, italy, netherlands",Best Destinations to Study in Europe: A Comparative Guide,study-in-europe-best-destinations,
6a5309bb3cafe13ffe5db475,2026-07-12T03:27:55.441Z,,MEXT Scholarship Japan: Complete Application Guide,https://cdn.prod.website-files.com/68fd63e9503df62b019b5c9b/6a5309bb3cafe13ffe5db471_c577708ff6e8.jpeg,,"A detailed guide to applying for the Japanese Government (MEXT) Scholarship, including eligibility, application process, and tips for success.","<p>The MEXT (Monbukagakusho) Scholarship is one of the most generous study abroad scholarships available, covering full tuition, monthly stipends, and round-trip airfare for studying at Japanese universities.</p><p>The scholarship is available for undergraduate, research student, and teacher training categories. The application process typically starts 8-12 months before enrollment and involves written exams, interviews, and document submission through Japanese embassies.</p><p>Competition is intense, but thorough preparation significantly increases your chances. UniStation has helped several students secure MEXT scholarships and provides specialized preparation guidance.</p>","<p>The MEXT (Monbukagakusho) Scholarship is one of the most generous study abroad scholarships available, covering full tuition, monthly stipends, and round-trip airfare for studying at Japanese universities.</p><p>The scholarship is available for undergraduate, research student, and teacher training categories. The application process typically starts 8-12 months before enrollment and involves written exams, interviews, and document submission through Japanese embassies.</p><p>Competition is intense, but thorough preparation significantly increases your chances. UniStation has helped several students secure MEXT scholarships and provides specialized preparation guidance.</p>",UniStation Team,False,"asia, japan, scholarships",MEXT Scholarship Japan: Complete Application Guide,mext-scholarship-japan-guide,
6a5309b755d81320216e8a47,2026-07-12T03:27:51.106Z,,"Emerging Study Destinations in Asia: Japan, Malaysia, and South Korea",https://cdn.prod.website-files.com/68fd63e9503df62b019b5c9b/6a5309b755d81320216e8a43_d8a41db08b3c.jpeg,,"Explore the growing popularity of Asian study destinations offering quality education, cultural richness, and affordable tuition fees.","<p>Asian countries are rapidly gaining recognition as excellent study destinations. Japan, Malaysia, and South Korea lead the way with their combination of academic excellence, technological innovation, and cultural experiences.</p><p>Japan offers programs in English through initiatives like the MEXT scholarship. Malaysia provides affordable education with many branch campuses of UK and Australian universities. South Korea is investing heavily in internationalization with generous scholarships for foreign students.</p><p>These destinations offer significantly lower tuition fees and living costs compared to Western countries, while providing equally valuable degrees and unique cultural experiences. UniStation helps students explore these exciting opportunities.</p>","<p>Asian countries are rapidly gaining recognition as excellent study destinations. Japan, Malaysia, and South Korea lead the way with their combination of academic excellence, technological innovation, and cultural experiences.</p><p>Japan offers programs in English through initiatives like the MEXT scholarship. Malaysia provides affordable education with many branch campuses of UK and Australian universities. South Korea is investing heavily in internationalization with generous scholarships for foreign students.</p><p>These destinations offer significantly lower tuition fees and living costs compared to Western countries, while providing equally valuable degrees and unique cultural experiences. UniStation helps students explore these exciting opportunities.</p>",UniStation Team,True,"asia, japan, malaysia, south-korea","Emerging Study Destinations in Asia: Japan, Malaysia, and South Korea",study-in-asia-emerging-destinations,
6a5309b39fc84c4490a21281,2026-07-12T03:27:47.925Z,,F-1 Student Visa Process: Step-by-Step Guide for 2025,https://cdn.prod.website-files.com/68fd63e9503df62b019b5c9b/6a5309b39fc84c4490a2125f_a68177d4bed4.jpeg,,"Everything you need to know about obtaining an F-1 student visa for the United States, from I-20 form to the embassy interview.","<p>The F-1 visa is the most common student visa for academic programs in the United States. The process begins after receiving your I-20 form from your chosen institution and involves several critical steps.</p><p>Key steps include paying the SEVIS fee, completing the DS-160 form, scheduling a visa interview, and demonstrating ties to your home country. The interview is a crucial component where you must convince the consular officer of your intent to study and return home.</p><p>UniStation provides comprehensive F-1 visa preparation, including mock interviews, document checklists, and guidance on demonstrating financial capacity and non-immigrant intent.</p>","<p>The F-1 visa is the most common student visa for academic programs in the United States. The process begins after receiving your I-20 form from your chosen institution and involves several critical steps.</p><p>Key steps include paying the SEVIS fee, completing the DS-160 form, scheduling a visa interview, and demonstrating ties to your home country. The interview is a crucial component where you must convince the consular officer of your intent to study and return home.</p><p>UniStation provides comprehensive F-1 visa preparation, including mock interviews, document checklists, and guidance on demonstrating financial capacity and non-immigrant intent.</p>",UniStation Team,False,"usa, united-states, visa",F-1 Student Visa Process: Step-by-Step Guide for 2025,usa-f1-visa-process-guide,
6a5309aea5ce2b2a6603b52f,2026-07-12T03:27:42.328Z,,"Study in the USA: Navigating Admissions, Visas, and Campus Life",https://cdn.prod.website-files.com/68fd63e9503df62b019b5c9b/6a5309aea5ce2b2a6603b4f4_0aaf96259445.jpeg,,"A comprehensive guide to the US higher education system, including choosing colleges, understanding the Common App, and securing F-1 visas.","<p>The United States remains the world's most popular study destination, hosting over one million international students annually. With over 4,000 accredited institutions, the options are virtually limitless.</p><p>The US education system emphasizes flexibility, allowing students to explore different subjects before declaring a major. Top universities like MIT, Stanford, Harvard, and many state universities offer cutting-edge research opportunities and strong industry connections.</p><p>The admissions process involves standardized tests (SAT/ACT, GRE/GMAT), essays, recommendation letters, and financial documentation. UniStation's US education specialists guide students through every step of this complex process.</p>","<p>The United States remains the world's most popular study destination, hosting over one million international students annually. With over 4,000 accredited institutions, the options are virtually limitless.</p><p>The US education system emphasizes flexibility, allowing students to explore different subjects before declaring a major. Top universities like MIT, Stanford, Harvard, and many state universities offer cutting-edge research opportunities and strong industry connections.</p><p>The admissions process involves standardized tests (SAT/ACT, GRE/GMAT), essays, recommendation letters, and financial documentation. UniStation's US education specialists guide students through every step of this complex process.</p>",UniStation Team,True,"usa, united-states","Study in the USA: Navigating Admissions, Visas, and Campus Life",study-in-usa-complete-guide,
6a5309aa9538f5ffd5a160b8,2026-07-12T03:27:38.150Z,,Why New Zealand is the Perfect Study Destination,https://cdn.prod.website-files.com/68fd63e9503df62b019b5c9b/6a5309aa9538f5ffd5a160b4_3fac9261fa09.jpeg,,"Discover the unique advantages of studying in New Zealand — from its world-class education system to its stunning natural beauty and safe, welcoming communities.","<p>New Zealand may be a smaller study destination, but it punches well above its weight in education quality. All eight of its universities rank in the top 3% globally, and the country is known for its innovative teaching methods and supportive learning environment.</p><p>Beyond academics, New Zealand offers an unmatched quality of life — stunning landscapes, outdoor adventures, and a safe, inclusive society. The country's post-study work visa allows graduates to stay and work for up to 3 years.</p><p>Living costs are lower than in Australia and many other Western countries, and the New Zealand Scholarships program provides funding for students from developing countries. UniStation helps students explore all that New Zealand has to offer.</p>","<p>New Zealand may be a smaller study destination, but it punches well above its weight in education quality. All eight of its universities rank in the top 3% globally, and the country is known for its innovative teaching methods and supportive learning environment.</p><p>Beyond academics, New Zealand offers an unmatched quality of life — stunning landscapes, outdoor adventures, and a safe, inclusive society. The country's post-study work visa allows graduates to stay and work for up to 3 years.</p><p>Living costs are lower than in Australia and many other Western countries, and the New Zealand Scholarships program provides funding for students from developing countries. UniStation helps students explore all that New Zealand has to offer.</p>",UniStation Team,True,new-zealand,Why New Zealand is the Perfect Study Destination,study-in-new-zealand-guide,
6a5309a69fc84c4490a20b9b,2026-07-12T03:27:34.343Z,,Best Scholarships for Studying in Australia,https://cdn.prod.website-files.com/68fd63e9503df62b019b5c9b/6a5309a69fc84c4490a20b93_8347613873ae.jpeg,,A curated list of the most valuable scholarships available for international students wanting to study in Australia.,"<p>Australia offers a wide range of scholarships for international students at both undergraduate and postgraduate levels. Understanding the options available can significantly reduce the financial burden of studying abroad.</p><p>The Australia Awards Scholarship, funded by the Australian Government, covers full tuition, travel, and living expenses. Individual universities also offer merit-based and region-specific scholarships with varying coverage levels.</p><p>Research scholarships are particularly generous, with many PhD and research master's programs fully funded through RTP (Research Training Program) scholarships. UniStation helps students identify and apply for the most suitable scholarship opportunities.</p>","<p>Australia offers a wide range of scholarships for international students at both undergraduate and postgraduate levels. Understanding the options available can significantly reduce the financial burden of studying abroad.</p><p>The Australia Awards Scholarship, funded by the Australian Government, covers full tuition, travel, and living expenses. Individual universities also offer merit-based and region-specific scholarships with varying coverage levels.</p><p>Research scholarships are particularly generous, with many PhD and research master's programs fully funded through RTP (Research Training Program) scholarships. UniStation helps students identify and apply for the most suitable scholarship opportunities.</p>",UniStation Team,False,"australia, scholarships",Best Scholarships for Studying in Australia,australia-scholarships-international,
6a5309a21b0cfa936c0f9942,2026-07-12T03:27:30.002Z,,Study in Australia: Complete Guide for International Students 2025,https://cdn.prod.website-files.com/68fd63e9503df62b019b5c9b/6a5309a11b0cfa936c0f993e_4dbc381afcfc.jpeg,,"Everything you need to know about studying in Australia — top universities, visa requirements, scholarships, and student life.","<p>Australia is home to the Group of Eight — eight leading research-intensive universities that consistently rank among the world's best. The Australian education system is known for its practical approach, industry connections, and emphasis on employability.</p><p>Popular study destinations include Sydney, Melbourne, Brisbane, and Perth. Australia offers the Temporary Graduate Visa (subclass 485), allowing international graduates to work for 2-4 years after completing their studies.</p><p>Tuition fees range from AUD 20,000 to AUD 45,000 per year, and numerous scholarships are available through the Australia Awards and individual university programs. UniStation provides end-to-end support for Australian university applications.</p>","<p>Australia is home to the Group of Eight — eight leading research-intensive universities that consistently rank among the world's best. The Australian education system is known for its practical approach, industry connections, and emphasis on employability.</p><p>Popular study destinations include Sydney, Melbourne, Brisbane, and Perth. Australia offers the Temporary Graduate Visa (subclass 485), allowing international graduates to work for 2-4 years after completing their studies.</p><p>Tuition fees range from AUD 20,000 to AUD 45,000 per year, and numerous scholarships are available through the Australia Awards and individual university programs. UniStation provides end-to-end support for Australian university applications.</p>",UniStation Team,True,australia,Study in Australia: Complete Guide for International Students 2025,study-in-australia-guide-2025,
6a53099e624189f384296a66,2026-07-12T03:27:26.767Z,,Learning Turkish: Benefits for International Students,https://cdn.prod.website-files.com/68fd63e9503df62b019b5c9b/6a53099e624189f384296a62_328929aa6e5c.jpeg,,How learning Turkish can enhance your experience studying in Turkey and open career doors in a growing economy.,"<p>While many Turkish universities offer English-taught programs, learning Turkish significantly enriches your experience and helps you connect with the local community on a deeper level.</p><p>Turkish is spoken by over 80 million people and is gaining importance in international business, especially in sectors like construction, energy, and tourism where Turkish companies have a strong global presence.</p><p>UniStation offers Turkish language courses that prepare students for daily life, academic settings, and professional environments in Turkey. Our courses are structured to help students achieve functional proficiency within a short timeframe.</p>","<p>While many Turkish universities offer English-taught programs, learning Turkish significantly enriches your experience and helps you connect with the local community on a deeper level.</p><p>Turkish is spoken by over 80 million people and is gaining importance in international business, especially in sectors like construction, energy, and tourism where Turkish companies have a strong global presence.</p><p>UniStation offers Turkish language courses that prepare students for daily life, academic settings, and professional environments in Turkey. Our courses are structured to help students achieve functional proficiency within a short timeframe.</p>",UniStation Team,False,"turkey, turkish, language",Learning Turkish: Benefits for International Students,turkish-language-learning-benefits,
6a53099ad02345c985ee8e47,2026-07-12T03:27:20.884Z,,Study in Turkey: Emerging Opportunities for International Students,https://cdn.prod.website-files.com/68fd63e9503df62b019b5c9b/6a530996d02345c985ee8cbc_c94789ff5a9b.jpeg,,"Explore the growing number of English-taught programs, affordable tuition, and scholarship opportunities available at Turkish universities.","<p>Turkey is rapidly becoming a popular study destination thanks to its strategic location bridging Europe and Asia, affordable education, and growing number of English-taught programs.</p><p>Top Turkish universities like Bogazici University, Middle East Technical University, and Koç University offer internationally recognized degrees. Turkey's Turkiye Burslari scholarship program provides full funding including tuition, accommodation, and stipends.</p><p>Living costs in Turkey are significantly lower than in Western European countries, making it an attractive option for budget-conscious students. UniStation has partnerships with leading Turkish institutions to simplify the admission process.</p>","<p>Turkey is rapidly becoming a popular study destination thanks to its strategic location bridging Europe and Asia, affordable education, and growing number of English-taught programs.</p><p>Top Turkish universities like Bogazici University, Middle East Technical University, and Koç University offer internationally recognized degrees. Turkey's Turkiye Burslari scholarship program provides full funding including tuition, accommodation, and stipends.</p><p>Living costs in Turkey are significantly lower than in Western European countries, making it an attractive option for budget-conscious students. UniStation has partnerships with leading Turkish institutions to simplify the admission process.</p>",UniStation Team,True,"turkey, turkish",Study in Turkey: Emerging Opportunities for International Students,study-in-turkey-opportunities,
6a5309910546349489c0784e,2026-07-12T03:27:13.794Z,,Learning Spanish: Why It Matters for Your Global Career,https://cdn.prod.website-files.com/68fd63e9503df62b019b5c9b/6a5309910546349489c0784a_888e6273aa79.jpeg,,How learning Spanish can boost your career prospects and enrich your study abroad experience in Spanish-speaking countries.,"<p>Spanish is the second most spoken native language in the world, with over 500 million speakers across 20+ countries. Learning Spanish opens doors to career opportunities in international business, diplomacy, tourism, and education.</p><p>For students planning to study in Spain or Latin America, Spanish proficiency enhances both academic performance and daily life. Many scholarship programs and internships prioritize candidates with Spanish language skills.</p><p>UniStation's Spanish language courses are designed for all levels, from beginner to advanced, with a focus on academic and professional Spanish. Our native-speaking instructors create an immersive learning environment.</p>","<p>Spanish is the second most spoken native language in the world, with over 500 million speakers across 20+ countries. Learning Spanish opens doors to career opportunities in international business, diplomacy, tourism, and education.</p><p>For students planning to study in Spain or Latin America, Spanish proficiency enhances both academic performance and daily life. Many scholarship programs and internships prioritize candidates with Spanish language skills.</p><p>UniStation's Spanish language courses are designed for all levels, from beginner to advanced, with a focus on academic and professional Spanish. Our native-speaking instructors create an immersive learning environment.</p>",UniStation Team,False,"spain, spanish, language",Learning Spanish: Why It Matters for Your Global Career,learn-spanish-study-abroad,
6a53098e9538f5ffd5a1535a,2026-07-12T03:27:10.047Z,,Study in Spain: A Vibrant Destination for International Students,https://cdn.prod.website-files.com/68fd63e9503df62b019b5c9b/6a53098d9538f5ffd5a15356_ed44ba6de86f.jpeg,,"Discover why Spain is becoming one of the most popular study destinations in Europe, with affordable tuition, rich culture, and excellent universities.","<p>Spain offers a unique combination of high-quality education, affordable living costs, and a vibrant cultural experience. From the bustling streets of Madrid to the artistic heritage of Barcelona, Spain has something for every student.</p><p>Spanish universities are increasingly offering programs in English, particularly in business, engineering, and social sciences. Tuition fees at public universities are among the lowest in Europe, typically ranging from EUR 750 to EUR 2,500 per year.</p><p>Beyond academics, Spain offers an unparalleled lifestyle — delicious cuisine, beautiful weather, and a welcoming social scene. UniStation helps students find the right Spanish university and navigate the application process.</p>","<p>Spain offers a unique combination of high-quality education, affordable living costs, and a vibrant cultural experience. From the bustling streets of Madrid to the artistic heritage of Barcelona, Spain has something for every student.</p><p>Spanish universities are increasingly offering programs in English, particularly in business, engineering, and social sciences. Tuition fees at public universities are among the lowest in Europe, typically ranging from EUR 750 to EUR 2,500 per year.</p><p>Beyond academics, Spain offers an unparalleled lifestyle — delicious cuisine, beautiful weather, and a welcoming social scene. UniStation helps students find the right Spanish university and navigate the application process.</p>",UniStation Team,True,"spain, spanish, europe",Study in Spain: A Vibrant Destination for International Students,study-in-spain-guide,
6a53098aeb4b7dc57264dc88,2026-07-12T03:27:06.412Z,,Germany Student Visa: Complete Requirements Guide,https://cdn.prod.website-files.com/68fd63e9503df62b019b5c9b/6a53098aeb4b7dc57264dc84_a4771cf64672.jpeg,,"Detailed breakdown of the German student visa application process, required documents, and timeline for international students.","<p>Germany's student visa process is well-structured but requires careful attention to detail. International students from non-EU countries need a student visa or student applicant visa to study in Germany.</p><p>Key requirements include a university admission letter or proof of application, proof of financial resources (Sperrkonto/blocked account), health insurance, and language proficiency certificates. Processing typically takes 4-8 weeks.</p><p>UniStation assists students with the complete visa process, including opening a blocked account, obtaining health insurance, and preparing for the embassy interview.</p>","<p>Germany's student visa process is well-structured but requires careful attention to detail. International students from non-EU countries need a student visa or student applicant visa to study in Germany.</p><p>Key requirements include a university admission letter or proof of application, proof of financial resources (Sperrkonto/blocked account), health insurance, and language proficiency certificates. Processing typically takes 4-8 weeks.</p><p>UniStation assists students with the complete visa process, including opening a blocked account, obtaining health insurance, and preparing for the embassy interview.</p>",UniStation Team,False,"germany, german, visa, europe",Germany Student Visa: Complete Requirements Guide,germany-student-visa-requirements,
6a5309873cafe13ffe5d9b45,2026-07-12T03:27:03.153Z,,TestDaF Preparation Guide: How to Pass with TDN 4,https://cdn.prod.website-files.com/68fd63e9503df62b019b5c9b/6a5309863cafe13ffe5d9b41_d13bc7885f41.jpeg,,"A complete guide to preparing for the TestDaF exam, including test structure, scoring, study resources, and strategies for achieving TDN 4 in all sections.","<p>The TestDaF (Test Deutsch als Fremdsprache) is the most widely recognized German language proficiency test for university admission. Achieving TDN 4 in all four sections is the minimum requirement for most German-taught programs.</p><p>The test consists of four sections: Reading Comprehension, Listening Comprehension, Written Expression, and Oral Expression. Each section is scored on a TDN scale of 3-5.</p><p>Effective preparation involves regular practice with authentic materials, vocabulary building, and immersion in the German language. UniStation offers TestDaF preparation courses with experienced native-speaking instructors.</p>","<p>The TestDaF (Test Deutsch als Fremdsprache) is the most widely recognized German language proficiency test for university admission. Achieving TDN 4 in all four sections is the minimum requirement for most German-taught programs.</p><p>The test consists of four sections: Reading Comprehension, Listening Comprehension, Written Expression, and Oral Expression. Each section is scored on a TDN scale of 3-5.</p><p>Effective preparation involves regular practice with authentic materials, vocabulary building, and immersion in the German language. UniStation offers TestDaF preparation courses with experienced native-speaking instructors.</p>",UniStation Team,False,"germany, german, testdaf",TestDaF Preparation Guide: How to Pass with TDN 4,testdaf-preparation-guide,
6a53098271a6f29540bb0ada,2026-07-12T03:26:58.958Z,,Study in Germany: Free Tuition at Top Universities,https://cdn.prod.website-files.com/68fd63e9503df62b019b5c9b/6a53098271a6f29540bb0ad6_8884fdc5d4f9.jpeg,,"Learn how international students can study at world-class German universities with minimal or no tuition fees, plus tips on living costs and applications.","<p>Germany is one of the few countries where international students can study at public universities for free or at very low costs. This makes it an incredibly attractive destination for students seeking quality education without the financial burden.</p><p>Most public universities charge only a small semester contribution of around EUR 150-350, which often includes a public transport ticket. Programs are available in both German and English, especially at the master's level.</p><p>However, students need to prove financial resources (currently EUR 11,208 per year in a blocked account) and may need to pass language proficiency tests. UniStation guides students through the entire process, from university selection to visa applications.</p>","<p>Germany is one of the few countries where international students can study at public universities for free or at very low costs. This makes it an incredibly attractive destination for students seeking quality education without the financial burden.</p><p>Most public universities charge only a small semester contribution of around EUR 150-350, which often includes a public transport ticket. Programs are available in both German and English, especially at the master's level.</p><p>However, students need to prove financial resources (currently EUR 11,208 per year in a blocked account) and may need to pass language proficiency tests. UniStation guides students through the entire process, from university selection to visa applications.</p>",UniStation Team,True,"germany, german, europe",Study in Germany: Free Tuition at Top Universities,study-in-germany-free-tuition,
6a53097f9538f5ffd5a14b42,2026-07-12T03:26:55.269Z,,Preparing for UK Medical School Interviews: MMI and Panel Tips,https://cdn.prod.website-files.com/68fd63e9503df62b019b5c9b/6a53097f9538f5ffd5a14b3e_61031355191a.jpeg,,Essential preparation strategies for Multiple Mini Interviews (MMI) and traditional panel interviews at UK medical schools.,"<p>Medical school interviews in the UK typically use either the Multiple Mini Interview (MMI) format or traditional panel interviews. Both require thorough preparation and practice.</p><p>MMI stations test various competencies including communication, ethics, critical thinking, and empathy. Panel interviews focus on your motivation for medicine, understanding of the NHS, and personal experiences.</p><p>UniStation provides mock interview sessions with experienced medical professionals who offer personalized feedback to help you perform at your best on interview day.</p>","<p>Medical school interviews in the UK typically use either the Multiple Mini Interview (MMI) format or traditional panel interviews. Both require thorough preparation and practice.</p><p>MMI stations test various competencies including communication, ethics, critical thinking, and empathy. Panel interviews focus on your motivation for medicine, understanding of the NHS, and personal experiences.</p><p>UniStation provides mock interview sessions with experienced medical professionals who offer personalized feedback to help you perform at your best on interview day.</p>",UniStation Team,False,"uk, medicine, interview",Preparing for UK Medical School Interviews: MMI and Panel Tips,uk-medical-school-interview-prep,
6a53097b446f9eb46b48ac25,2026-07-12T03:26:51.415Z,,How to Study Medicine in the UK: Requirements and Pathways,https://cdn.prod.website-files.com/68fd63e9503df62b019b5c9b/6a53097b446f9eb46b48ac19_56733548355f.jpeg,,"A comprehensive overview of studying medicine in the UK, including entry requirements, the UCAS application process, and clinical training structure.","<p>Studying medicine in the UK is a prestigious and rigorous journey that typically takes 5-6 years. UK medical schools are renowned for their clinical training, research excellence, and global recognition.</p><p>Entry requirements are competitive: most universities require excellent A-levels or equivalent in Chemistry and Biology, a strong UCAT or BMAT score, and relevant work experience. International students may also need to demonstrate English proficiency through IELTS.</p><p>The medical curriculum combines theoretical knowledge with clinical placements from the early years. Graduates can apply for Foundation Year training and eventually specialize. UniStation offers specialized guidance for medical school applications.</p>","<p>Studying medicine in the UK is a prestigious and rigorous journey that typically takes 5-6 years. UK medical schools are renowned for their clinical training, research excellence, and global recognition.</p><p>Entry requirements are competitive: most universities require excellent A-levels or equivalent in Chemistry and Biology, a strong UCAT or BMAT score, and relevant work experience. International students may also need to demonstrate English proficiency through IELTS.</p><p>The medical curriculum combines theoretical knowledge with clinical placements from the early years. Graduates can apply for Foundation Year training and eventually specialize. UniStation offers specialized guidance for medical school applications.</p>",UniStation Team,True,"uk, medicine, united-kingdom",How to Study Medicine in the UK: Requirements and Pathways,study-medicine-in-uk-guide,
6a530977446f9eb46b48aa00,2026-07-12T03:26:47.394Z,,Mastering Your UCAS Application: Tips from Admissions Experts,https://cdn.prod.website-files.com/68fd63e9503df62b019b5c9b/6a530977446f9eb46b48a9fa_8c25a00693e7.jpeg,,"Expert advice on crafting a winning UCAS personal statement, choosing the right courses, and navigating the UK university application timeline.","<p>The UCAS application is your gateway to UK universities. A well-crafted application can make the difference between receiving an offer and being rejected from your dream university.</p><p>Your personal statement is the most critical component. It should demonstrate your passion for the subject, relevant experiences, and future aspirations. University admissions tutors read thousands of applications, so standing out is essential.</p><p>UniStation's UK education specialists provide one-on-one support for UCAS applications, including personal statement reviews, course selection guidance, and interview preparation for competitive programs.</p>","<p>The UCAS application is your gateway to UK universities. A well-crafted application can make the difference between receiving an offer and being rejected from your dream university.</p><p>Your personal statement is the most critical component. It should demonstrate your passion for the subject, relevant experiences, and future aspirations. University admissions tutors read thousands of applications, so standing out is essential.</p><p>UniStation's UK education specialists provide one-on-one support for UCAS applications, including personal statement reviews, course selection guidance, and interview preparation for competitive programs.</p>",UniStation Team,False,"uk, ucas, application",Mastering Your UCAS Application: Tips from Admissions Experts,ucas-application-tips,
6a5309734f3f80abb5bf3add,2026-07-12T03:26:43.777Z,,The Ultimate Guide to Studying in the United Kingdom,https://cdn.prod.website-files.com/68fd63e9503df62b019b5c9b/6a5309734f3f80abb5bf3acb_7bf7972fe5a7.png,,"Everything you need to know about pursuing your education in the UK, from choosing universities to understanding the UCAS application system.","<p>The United Kingdom is home to some of the world's most prestigious universities, including Oxford, Cambridge, Imperial College London, and many more. A UK degree is recognized and respected globally.</p><p>The UK offers a diverse range of programs, from traditional academic degrees to vocational and professional courses. The education system emphasizes critical thinking, independent research, and practical application of knowledge.</p><p>With the Graduate Route visa, international students can stay and work in the UK for up to 2 years after graduation (3 years for PhD graduates). UniStation provides comprehensive support for UK university applications through the UCAS system.</p>","<p>The United Kingdom is home to some of the world's most prestigious universities, including Oxford, Cambridge, Imperial College London, and many more. A UK degree is recognized and respected globally.</p><p>The UK offers a diverse range of programs, from traditional academic degrees to vocational and professional courses. The education system emphasizes critical thinking, independent research, and practical application of knowledge.</p><p>With the Graduate Route visa, international students can stay and work in the UK for up to 2 years after graduation (3 years for PhD graduates). UniStation provides comprehensive support for UK university applications through the UCAS system.</p>",UniStation Team,True,"uk, united-kingdom",The Ultimate Guide to Studying in the United Kingdom,study-in-uk-ultimate-guide,
6a53096f85ba9499740f4a68,2026-07-12T03:26:39.025Z,,Cost of Living in Canada for International Students in 2025,https://cdn.prod.website-files.com/68fd63e9503df62b019b5c9b/6a53096e85ba9499740f4a64_4b55e1049716.jpeg,,"A realistic breakdown of expenses including tuition, accommodation, food, transport, and entertainment for students planning to study in Canada.","<p>Understanding the cost of living in Canada is essential for effective financial planning. While Canada offers excellent value compared to other top study destinations, costs vary significantly by city.</p><p>Tuition fees for international students range from CAD 15,000 to CAD 35,000 per year depending on the program and institution. Monthly living expenses including accommodation, food, and transport typically range from CAD 1,000 to CAD 2,000.</p><p>Cities like Toronto and Vancouver are more expensive, while Montreal, Winnipeg, and Halifax offer more affordable options. UniStation helps students budget effectively and explore scholarship opportunities to offset costs.</p>","<p>Understanding the cost of living in Canada is essential for effective financial planning. While Canada offers excellent value compared to other top study destinations, costs vary significantly by city.</p><p>Tuition fees for international students range from CAD 15,000 to CAD 35,000 per year depending on the program and institution. Monthly living expenses including accommodation, food, and transport typically range from CAD 1,000 to CAD 2,000.</p><p>Cities like Toronto and Vancouver are more expensive, while Montreal, Winnipeg, and Halifax offer more affordable options. UniStation helps students budget effectively and explore scholarship opportunities to offset costs.</p>",UniStation Team,False,"canada, cost-of-living",Cost of Living in Canada for International Students in 2025,canada-cost-of-living-students,
6a530969199ab832e2a00fe7,2026-07-12T03:26:33.717Z,,Complete Guide to Canada Study Permit Application,https://cdn.prod.website-files.com/68fd63e9503df62b019b5c9b/6a530969199ab832e2a00fd4_06966eecb405.jpeg,,"Step-by-step guide to obtaining your Canadian study permit, including required documents, processing times, and tips for a successful application.","<p>Applying for a Canadian study permit requires careful preparation and attention to detail. The process involves several steps from getting your Letter of Acceptance to submitting your biometrics.</p><p>Key documents include a valid passport, Letter of Acceptance from a Designated Learning Institution (DLI), proof of financial support, and a statement of purpose. Processing times vary by country but typically range from 3-6 weeks.</p><p>UniStation's visa team has extensive experience with Canadian study permit applications and can help you avoid common mistakes that lead to delays or rejections.</p>","<p>Applying for a Canadian study permit requires careful preparation and attention to detail. The process involves several steps from getting your Letter of Acceptance to submitting your biometrics.</p><p>Key documents include a valid passport, Letter of Acceptance from a Designated Learning Institution (DLI), proof of financial support, and a statement of purpose. Processing times vary by country but typically range from 3-6 weeks.</p><p>UniStation's visa team has extensive experience with Canadian study permit applications and can help you avoid common mistakes that lead to delays or rejections.</p>",UniStation Team,False,"canada, visa",Complete Guide to Canada Study Permit Application,canada-study-permit-guide,
6a5309669b1e7b37a981c34d,2026-07-12T03:26:30.203Z,,Top 10 Universities in Canada for International Students,https://cdn.prod.website-files.com/68fd63e9503df62b019b5c9b/6a5309669b1e7b37a981c349_3042636dd05a.jpeg,,"Explore the best Canadian universities offering world-class education, research opportunities, and welcoming environments for international students.","<p>Canada consistently ranks as one of the top study destinations in the world, known for its high-quality education system, diverse culture, and post-graduation work opportunities.</p><p>Leading institutions include the University of Toronto, University of British Columbia, McGill University, and the University of Waterloo. These universities excel in fields ranging from engineering and computer science to business and health sciences.</p><p>Canada also offers favorable immigration policies for international graduates, including the Post-Graduation Work Permit (PGWP) and pathways to permanent residency. UniStation has partnerships with several Canadian institutions to streamline the application process.</p>","<p>Canada consistently ranks as one of the top study destinations in the world, known for its high-quality education system, diverse culture, and post-graduation work opportunities.</p><p>Leading institutions include the University of Toronto, University of British Columbia, McGill University, and the University of Waterloo. These universities excel in fields ranging from engineering and computer science to business and health sciences.</p><p>Canada also offers favorable immigration policies for international graduates, including the Post-Graduation Work Permit (PGWP) and pathways to permanent residency. UniStation has partnerships with several Canadian institutions to streamline the application process.</p>",UniStation Team,True,canada,Top 10 Universities in Canada for International Students,study-in-canada-top-universities,
6a5309639b1e7b37a981c2e4,2026-07-12T03:26:27.045Z,,5 Ways to Improve Your Academic English Writing,https://cdn.prod.website-files.com/68fd63e9503df62b019b5c9b/6a5309629b1e7b37a981c2e0_509ccd865481.jpeg,,"Essential techniques to enhance your academic writing skills for university assignments, research papers, and thesis work.","<p>Academic writing is a fundamental skill for university success. Whether you're writing essays, research papers, or a thesis, strong writing skills set you apart.</p><p>Key techniques include reading academic journals in your field, practicing paraphrasing, building a strong vocabulary, understanding citation styles, and seeking feedback from professors or writing centers.</p><p>UniStation's language courses include dedicated academic writing modules that prepare students for the rigors of university-level writing in English.</p>","<p>Academic writing is a fundamental skill for university success. Whether you're writing essays, research papers, or a thesis, strong writing skills set you apart.</p><p>Key techniques include reading academic journals in your field, practicing paraphrasing, building a strong vocabulary, understanding citation styles, and seeking feedback from professors or writing centers.</p><p>UniStation's language courses include dedicated academic writing modules that prepare students for the rigors of university-level writing in English.</p>",UniStation Team,False,"english, academic-writing",5 Ways to Improve Your Academic English Writing,improve-english-academic-writing,
6a53095f1b0cfa936c0f7b3a,2026-07-12T03:26:23.751Z,,IELTS vs TOEFL: Which English Test Should You Take?,https://cdn.prod.website-files.com/68fd63e9503df62b019b5c9b/6a53095f1b0cfa936c0f7b1e_fd6dc6e3c998.jpeg,,A detailed comparison between IELTS and TOEFL to help you choose the right English proficiency test for your study abroad goals.,"<p>Both IELTS and TOEFL are widely accepted by universities worldwide, but they differ significantly in format, scoring, and test-taking experience.</p><p>IELTS is paper-based or computer-delivered with a face-to-face speaking component, while TOEFL is entirely computer-based. IELTS uses a 9-band scoring system, whereas TOEFL scores range from 0-120.</p><p>Your choice depends on your target universities' requirements, your comfort with technology, and your personal strengths. UniStation advisors can help you determine which test aligns best with your goals and provide preparation resources accordingly.</p>","<p>Both IELTS and TOEFL are widely accepted by universities worldwide, but they differ significantly in format, scoring, and test-taking experience.</p><p>IELTS is paper-based or computer-delivered with a face-to-face speaking component, while TOEFL is entirely computer-based. IELTS uses a 9-band scoring system, whereas TOEFL scores range from 0-120.</p><p>Your choice depends on your target universities' requirements, your comfort with technology, and your personal strengths. UniStation advisors can help you determine which test aligns best with your goals and provide preparation resources accordingly.</p>",UniStation Team,False,"english, ielts, toefl",IELTS vs TOEFL: Which English Test Should You Take?,ielts-vs-toefl-which-one,
6a53095cd02345c985ee657c,2026-07-12T03:26:20.554Z,,How to Score Band 7+ in IELTS: Expert Preparation Tips,https://cdn.prod.website-files.com/68fd63e9503df62b019b5c9b/6a53095cd02345c985ee6575_a1a50e46d193.jpeg,,Proven strategies and study techniques to help you achieve a high score in your IELTS exam and meet university admission requirements.,"<p>Scoring a Band 7 or higher in IELTS opens doors to top universities worldwide. Whether you're taking the Academic or General Training module, strategic preparation is key.</p><p>For the Reading section, practice skimming and scanning techniques. For Listening, familiarize yourself with different English accents. Writing requires understanding task types and structuring your responses effectively. Speaking demands fluency and coherence.</p><p>At UniStation, we offer specialized IELTS preparation courses designed by certified instructors who understand exactly what examiners look for. Our students consistently achieve scores above their targets.</p>","<p>Scoring a Band 7 or higher in IELTS opens doors to top universities worldwide. Whether you're taking the Academic or General Training module, strategic preparation is key.</p><p>For the Reading section, practice skimming and scanning techniques. For Listening, familiarize yourself with different English accents. Writing requires understanding task types and structuring your responses effectively. Speaking demands fluency and coherence.</p><p>At UniStation, we offer specialized IELTS preparation courses designed by certified instructors who understand exactly what examiners look for. Our students consistently achieve scores above their targets.</p>",UniStation Team,True,"english, ielts",How to Score Band 7+ in IELTS: Expert Preparation Tips,ielts-preparation-tips-band-7,
6a5309599b1e7b37a981bf64,2026-07-12T03:26:17.427Z,,The Student Visa Process: Everything You Need to Know,https://cdn.prod.website-files.com/68fd63e9503df62b019b5c9b/6a5309599b1e7b37a981bf60_5a2e61204260.jpeg,,"Understanding the student visa application process for top study destinations including requirements, timelines, and common pitfalls to avoid.","<p>The student visa process is often the most daunting part of studying abroad. Each country has its own requirements, processing times, and documentation needs.</p><p>Common requirements include proof of acceptance from a recognized institution, financial stability documentation, health insurance, and language proficiency test scores. Processing times can range from 2 weeks to 3 months depending on the country and season.</p><p>UniStation's visa specialists guide students through every step, from document preparation to interview coaching, ensuring a smooth and successful visa application.</p>","<p>The student visa process is often the most daunting part of studying abroad. Each country has its own requirements, processing times, and documentation needs.</p><p>Common requirements include proof of acceptance from a recognized institution, financial stability documentation, health insurance, and language proficiency test scores. Processing times can range from 2 weeks to 3 months depending on the country and season.</p><p>UniStation's visa specialists guide students through every step, from document preparation to interview coaching, ensuring a smooth and successful visa application.</p>",UniStation Team,False,"early-bird, visa, study-abroad",The Student Visa Process: Everything You Need to Know,student-visa-process-explained,
6a5309561b0cfa936c0f775a,2026-07-12T03:26:14.422Z,,Complete Scholarship Guide for International Students,https://cdn.prod.website-files.com/68fd63e9503df62b019b5c9b/6a5309561b0cfa936c0f7756_4a5ba0f96c26.png,,A comprehensive guide to finding and applying for scholarships that can fund your international education journey.,"<p>Financing your education abroad doesn't have to be overwhelming. There are thousands of scholarships available for international students, ranging from full tuition coverage to partial awards.</p><p>Key scholarship categories include merit-based awards, need-based grants, country-specific funding, and university-specific scholarships. The trick is knowing where to look and how to craft a compelling application.</p><p>Our consultants at UniStation stay up-to-date with the latest scholarship deadlines and requirements, ensuring our students never miss an opportunity to reduce their education costs.</p>","<p>Financing your education abroad doesn't have to be overwhelming. There are thousands of scholarships available for international students, ranging from full tuition coverage to partial awards.</p><p>Key scholarship categories include merit-based awards, need-based grants, country-specific funding, and university-specific scholarships. The trick is knowing where to look and how to craft a compelling application.</p><p>Our consultants at UniStation stay up-to-date with the latest scholarship deadlines and requirements, ensuring our students never miss an opportunity to reduce their education costs.</p>",UniStation Team,False,"early-bird, scholarships, study-abroad",Complete Scholarship Guide for International Students,scholarship-guide-international-students,
6a5309509b1e7b37a981ba8f,2026-07-12T03:26:08.868Z,,Why Study Abroad in 2025? The Complete Guide,https://cdn.prod.website-files.com/68fd63e9503df62b019b5c9b/6a5309509b1e7b37a981ba76_91c2f96c10f9.jpeg,,Discover the top reasons why studying abroad in 2025 can transform your career and personal growth. From world-class education to cultural immersion.,"<p>Studying abroad has become one of the most impactful decisions a student can make. In 2025, the opportunities are more diverse and accessible than ever before.</p><p>From gaining a globally recognized degree to building an international network, the benefits extend far beyond the classroom. Employers worldwide value the skills gained through international education — adaptability, cross-cultural communication, and independence.</p><p>At UniStation, we help students navigate the complex application process, from choosing the right university to securing visas and scholarships. Our experienced consultants have helped hundreds of students achieve their dream of studying abroad.</p>","<p>Studying abroad has become one of the most impactful decisions a student can make. In 2025, the opportunities are more diverse and accessible than ever before.</p><p>From gaining a globally recognized degree to building an international network, the benefits extend far beyond the classroom. Employers worldwide value the skills gained through international education — adaptability, cross-cultural communication, and independence.</p><p>At UniStation, we help students navigate the complex application process, from choosing the right university to securing visas and scholarships. Our experienced consultants have helped hundreds of students achieve their dream of studying abroad.</p>",UniStation Team,True,"early-bird, study-abroad",Why Study Abroad in 2025? The Complete Guide,why-study-abroad-2025,
6a530610e12bb2fb95efab49,2026-07-12T03:12:16.140Z,,,https://cdn.prod.website-files.com/68fd63e9503df62b019b5c9b/6a5305af73b0d986523747a2_photo-1523580494863-6f3031224c94.jpeg,,Practical advice on finding and winning scholarships — from government programs to university-specific awards and tips for writing a winning application.,"Scholarships can make studying abroad significantly more affordable. Key programs include Chevening (UK), Fulbright (USA), Erasmus Mundus (EU), and Turkiye Burslari (Turkey). A strong application requires excellent academic transcripts, a compelling personal statement, letters of recommendation, and proof of extracurricular involvement. The personal statement is often the most critical component — it should articulate your goals, why you chose the specific program, and how the scholarship will help you make an impact. At UniStation, we help students identify relevant scholarship opportunities and provide guidance on crafting competitive applications.","Scholarships can make studying abroad significantly more affordable. Key programs include Chevening (UK), Fulbright (USA), Erasmus Mundus (EU), and Turkiye Burslari (Turkey). A strong application requires excellent academic transcripts, a compelling personal statement, letters of recommendation, and proof of extracurricular involvement. The personal statement is often the most critical component — it should articulate your goals, why you chose the specific program, and how the scholarship will help you make an impact. At UniStation, we help students identify relevant scholarship opportunities and provide guidance on crafting competitive applications.",UniStation Team,True,"scholarship, visa, application",How to Win a Scholarship for Your Study Abroad Journey,how-to-win-scholarship-study-abroad,
6a53060e47b428bbc0be1167,2026-07-12T03:12:14.383Z,,,https://cdn.prod.website-files.com/68fd63e9503df62b019b5c9b/6a5305aea5ce2b2a6602d37b_photo-1467269204594-9661b134dd2b.jpeg,,"Discover the most budget-friendly European destinations — from tuition-free universities in Germany to low-cost living in Poland, Hungary, and the Czech Republic.","Europe offers some of the most affordable higher education opportunities in the developed world. Germany leads with tuition-free public universities and living costs of 800 to 1,100 euros per month. Central European countries like Poland, Hungary, and the Czech Republic offer tuition from 2,000 to 8,000 euros per year with living costs as low as 400 to 700 euros monthly. Southern European countries like Italy, Spain, and Malta also offer affordable education starting from 1,000 euros per year. At UniStation, our Europe admission package helps you find the best fit based on your budget, academic goals, and preferred lifestyle.","Europe offers some of the most affordable higher education opportunities in the developed world. Germany leads with tuition-free public universities and living costs of 800 to 1,100 euros per month. Central European countries like Poland, Hungary, and the Czech Republic offer tuition from 2,000 to 8,000 euros per year with living costs as low as 400 to 700 euros monthly. Southern European countries like Italy, Spain, and Malta also offer affordable education starting from 1,000 euros per year. At UniStation, our Europe admission package helps you find the best fit based on your budget, academic goals, and preferred lifestyle.",UniStation Team,False,"europe, scholarship",Affordable European Countries for International Students,affordable-european-countries-international-students,
6a53060d159520ecf551f830,2026-07-12T03:12:13.236Z,,,https://cdn.prod.website-files.com/68fd63e9503df62b019b5c9b/6a5305adb8b2536b5eccde7a_photo-1523240795612-9a054b0db644.jpeg,,"A detailed breakdown of all costs associated with studying in Australia — tuition fees, living expenses, health insurance, visa fees, and budget management tips.","Australia is one of the world's most popular study destinations. Undergraduate programs typically cost between AUD 20,000 and AUD 45,000 per year, while postgraduate programs range from AUD 22,000 to AUD 50,000. Living expenses average AUD 29,710 per year as required by the government. Additional costs include Overseas Student Health Cover (OSHC) at AUD 500-700 per year and a student visa fee of AUD 715. At UniStation, our Australia admission package provides a detailed cost breakdown for your specific situation, along with guidance on budget management and scholarship opportunities.","Australia is one of the world's most popular study destinations. Undergraduate programs typically cost between AUD 20,000 and AUD 45,000 per year, while postgraduate programs range from AUD 22,000 to AUD 50,000. Living expenses average AUD 29,710 per year as required by the government. Additional costs include Overseas Student Health Cover (OSHC) at AUD 500-700 per year and a student visa fee of AUD 715. At UniStation, our Australia admission package provides a detailed cost breakdown for your specific situation, along with guidance on budget management and scholarship opportunities.",UniStation Team,True,australia,Cost of Studying in Australia: A Complete Breakdown,cost-studying-australia-complete-breakdown,
6a53060c159520ecf551f6e1,2026-07-12T03:12:12.121Z,,,https://cdn.prod.website-files.com/68fd63e9503df62b019b5c9b/6a5305acb8b2536b5eccde10_photo-1513635269975-59663e0ac1ad.jpeg,,"Essential tips and strategies for preparing for the UCAT, including section breakdowns, practice resources, and how UniStation's UK Medicine package can help.","The UCAT is a critical component of the application process for medical and dental schools in the UK. It consists of five subtests: Verbal Reasoning, Decision Making, Quantitative Reasoning, Abstract Reasoning, and Situational Judgement. The entire test takes approximately 2 hours. Preparation is key — start by familiarizing yourself with the test format, take timed practice tests regularly, and focus on your weakest areas. At UniStation, our UK Medicine Package includes specialized UCAT preparation support with practice materials, mock tests, and expert guidance to help you achieve a competitive score.","The UCAT is a critical component of the application process for medical and dental schools in the UK. It consists of five subtests: Verbal Reasoning, Decision Making, Quantitative Reasoning, Abstract Reasoning, and Situational Judgement. The entire test takes approximately 2 hours. Preparation is key — start by familiarizing yourself with the test format, take timed practice tests regularly, and focus on your weakest areas. At UniStation, our UK Medicine Package includes specialized UCAT preparation support with practice materials, mock tests, and expert guidance to help you achieve a competitive score.",UniStation Team,False,"uk, medicine, ucat",UCAT Preparation Tips for UK Medical School Applicants,ucat-preparation-tips-uk-medical-school,
6a53060a94009210134f8027,2026-07-12T03:12:10.706Z,,,,,"Comparing the SAT and ACT for US university admissions — key differences, scoring systems, and how to decide which test is best for your academic strengths.","The SAT and ACT are the two main standardized tests accepted by virtually all US colleges. The SAT is divided into Evidence-Based Reading and Writing and Mathematics, with a total score of 400 to 1600. It emphasizes analytical thinking and problem-solving. The ACT consists of English, Mathematics, Reading, Science, and an optional Writing section, scored on a scale of 1 to 36. The ACT is generally considered more straightforward but more time-pressured. At UniStation, we offer comprehensive SAT preparation as part of our USA admission package. Our expert instructors help you identify which test best suits your strengths and provide targeted preparation to maximize your score.","The SAT and ACT are the two main standardized tests accepted by virtually all US colleges. The SAT is divided into Evidence-Based Reading and Writing and Mathematics, with a total score of 400 to 1600. It emphasizes analytical thinking and problem-solving. The ACT consists of English, Mathematics, Reading, Science, and an optional Writing section, scored on a scale of 1 to 36. The ACT is generally considered more straightforward but more time-pressured. At UniStation, we offer comprehensive SAT preparation as part of our USA admission package. Our expert instructors help you identify which test best suits your strengths and provide targeted preparation to maximize your score.",UniStation Team,False,"usa, sat",SAT vs ACT: Which Test Should You Take for US Admissions?,sat-vs-act-which-test-should-you-take,
6a530609cde6ec45794bedaf,2026-07-12T03:12:09.794Z,,,https://cdn.prod.website-files.com/68fd63e9503df62b019b5c9b/6a5305aab8b2536b5eccdb4a_photo-1503614472-8c93d56e92ce.jpeg,,"A detailed walkthrough of the Canadian study permit application process, including required documents, processing times, and tips to increase your chances of approval.","Canada remains one of the top study destinations in the world, known for its high-quality education system, multicultural society, and excellent post-graduation work opportunities. Obtaining a study permit is one of the first and most important steps. The application requires: a letter of acceptance from a Designated Learning Institution (DLI), proof of sufficient funds (minimum CAD 20,635 per year for living expenses plus tuition), a valid passport, and biometric information. Financial proof is critical and can be shown through bank statements, scholarship letters, or a Guaranteed Investment Certificate (GIC). Processing times vary by country but typically range from 3 to 8 weeks. At UniStation, our Canada admission package includes complete visa support, from document preparation to application submission and follow-up.","Canada remains one of the top study destinations in the world, known for its high-quality education system, multicultural society, and excellent post-graduation work opportunities. Obtaining a study permit is one of the first and most important steps. The application requires: a letter of acceptance from a Designated Learning Institution (DLI), proof of sufficient funds (minimum CAD 20,635 per year for living expenses plus tuition), a valid passport, and biometric information. Financial proof is critical and can be shown through bank statements, scholarship letters, or a Guaranteed Investment Certificate (GIC). Processing times vary by country but typically range from 3 to 8 weeks. At UniStation, our Canada admission package includes complete visa support, from document preparation to application submission and follow-up.",UniStation Team,True,"canada, visa",Canada Student Visa: Step-by-Step Application Guide,canada-student-visa-step-by-step-guide,
6a53060886942d09a52f87f8,2026-07-12T03:12:08.940Z,,,https://cdn.prod.website-files.com/68fd63e9503df62b019b5c9b/6a5305a9924291190730271f_photo-1524231757912-21f4fe3a7200.jpeg,,"Everything about the TÖMER certificate — the Turkish proficiency exam required for university admission in Turkey. Learn about levels, format, and preparation tips.","The TÖMER certificate is the official Turkish language proficiency certificate recognized by Turkish universities. If you plan to study in a Turkish-taught program, you will likely need this certificate. TÖMER certificates are issued at CEFR levels: A1, A2, B1, B2, and C1. Most undergraduate programs require B2, while some graduate programs require C1. The exam tests four skills: reading comprehension, listening comprehension, written expression, and oral expression. At UniStation, our Turkish language courses are specifically designed to prepare students for the TÖMER exam, following CEFR standards with practice tests, exam techniques, and comprehensive grammar and vocabulary coverage. We also provide YÖS exam preparation support for students who need it.","The TÖMER certificate is the official Turkish language proficiency certificate recognized by Turkish universities. If you plan to study in a Turkish-taught program, you will likely need this certificate. TÖMER certificates are issued at CEFR levels: A1, A2, B1, B2, and C1. Most undergraduate programs require B2, while some graduate programs require C1. The exam tests four skills: reading comprehension, listening comprehension, written expression, and oral expression. At UniStation, our Turkish language courses are specifically designed to prepare students for the TÖMER exam, following CEFR standards with practice tests, exam techniques, and comprehensive grammar and vocabulary coverage. We also provide YÖS exam preparation support for students who need it.",UniStation Team,False,"turkish, turkey",Turkish Language Certificate (TÖMER) Explained,turkish-language-certificate-tomer-explained,
6a53060686942d09a52f86cf,2026-07-12T03:12:06.898Z,,,https://cdn.prod.website-files.com/68fd63e9503df62b019b5c9b/6a5305a5eb4b7dc57263be2b_photo-1541432901042-2d8bd64b4a9b.jpeg,,A comprehensive overview of studying in Turkey — from top universities and affordable tuition to the student visa process and scholarship opportunities for international students.,"Turkey has become an increasingly popular destination for international students, offering a unique blend of East and West, affordable education, and a rich cultural experience. With over 200 universities, Turkey provides a wide range of academic options. Tuition fees are very competitive: public universities charge between 200 and 1,500 USD per year, while private universities range from 3,000 to 15,000 USD annually. Living costs are also affordable, with students typically spending 300 to 600 USD per month. Many Turkish universities offer programs in English, particularly in medicine, engineering, business, and international relations. For Turkish-taught programs, the TÖMER certificate is required. At UniStation, we offer Turkish language courses from A1 to C1 level and YÖS exam preparation support. Turkey also offers Turkiye Burslari scholarships that cover tuition, accommodation, and provide a monthly stipend.","Turkey has become an increasingly popular destination for international students, offering a unique blend of East and West, affordable education, and a rich cultural experience. With over 200 universities, Turkey provides a wide range of academic options. Tuition fees are very competitive: public universities charge between 200 and 1,500 USD per year, while private universities range from 3,000 to 15,000 USD annually. Living costs are also affordable, with students typically spending 300 to 600 USD per month. Many Turkish universities offer programs in English, particularly in medicine, engineering, business, and international relations. For Turkish-taught programs, the TÖMER certificate is required. At UniStation, we offer Turkish language courses from A1 to C1 level and YÖS exam preparation support. Turkey also offers Turkiye Burslari scholarships that cover tuition, accommodation, and provide a monthly stipend.",UniStation Team,True,"turkish, turkey, scholarship",Studying in Turkey: What You Need to Know in 2025,studying-in-turkey-what-you-need-to-know,
6a53060599816a248da02f50,2026-07-12T03:12:05.845Z,,,,,"Explore the best Spanish universities offering programs in English, including details on admission requirements, tuition fees, and student life in Spain's top university cities.","Spain is home to some of Europe's finest universities, many of which now offer programs taught entirely in English. The University of Barcelona (UB) is consistently ranked as the top university in Spain and offers several English-taught master's programs in fields such as business, economics, and computer science. IE University in Madrid is renowned for its business programs and offers a fully English-taught curriculum with students from over 130 countries. ESADE Business School in Barcelona is another top choice for business education. For engineering and technology, the Universitat Politecnica de Catalunya (UPC) and Universidad Politecnica de Madrid (UPM) offer excellent programs with increasing English-taught options. At UniStation, we help you identify the best university and program for your goals and guide you through the entire application process.","Spain is home to some of Europe's finest universities, many of which now offer programs taught entirely in English. The University of Barcelona (UB) is consistently ranked as the top university in Spain and offers several English-taught master's programs in fields such as business, economics, and computer science. IE University in Madrid is renowned for its business programs and offers a fully English-taught curriculum with students from over 130 countries. ESADE Business School in Barcelona is another top choice for business education. For engineering and technology, the Universitat Politecnica de Catalunya (UPC) and Universidad Politecnica de Madrid (UPM) offer excellent programs with increasing English-taught options. At UniStation, we help you identify the best university and program for your goals and guide you through the entire application process.",UniStation Team,False,"spanish, spain, university",Top Universities in Spain for English-Taught Programs,top-universities-spain-english-taught,
6a5306049fc84c4490a08970,2026-07-12T03:12:04.354Z,,,https://cdn.prod.website-files.com/68fd63e9503df62b019b5c9b/6a5305a2356bd47be8e4745b_photo-1539037116277-4db20889f2d4.jpeg,,"From top universities to vibrant student life — everything you need to know about studying in Spain as an international student, including admission requirements and costs.","Spain has emerged as one of the most popular study destinations in Europe, attracting students from around the world with its rich culture, affordable education, and excellent quality of life. Spanish universities consistently rank among the top in Europe, particularly in fields like business, engineering, architecture, and humanities. The cost of studying in Spain is one of its biggest attractions. Tuition fees at public universities range from 750 to 2,500 euros per year for EU students, and 2,000 to 5,000 euros for non-EU students. Living costs are also relatively low, with monthly expenses averaging 800 to 1,200 euros depending on the city. While many programs are taught in Spanish, an increasing number of universities now offer English-taught programs. At UniStation, we offer Spanish language courses designed specifically for students planning to study in Spain, along with complete visa support for a smooth application process.","Spain has emerged as one of the most popular study destinations in Europe, attracting students from around the world with its rich culture, affordable education, and excellent quality of life. Spanish universities consistently rank among the top in Europe, particularly in fields like business, engineering, architecture, and humanities. The cost of studying in Spain is one of its biggest attractions. Tuition fees at public universities range from 750 to 2,500 euros per year for EU students, and 2,000 to 5,000 euros for non-EU students. Living costs are also relatively low, with monthly expenses averaging 800 to 1,200 euros depending on the city. While many programs are taught in Spanish, an increasing number of universities now offer English-taught programs. At UniStation, we offer Spanish language courses designed specifically for students planning to study in Spain, along with complete visa support for a smooth application process.",UniStation Team,True,"spanish, spain",Study in Spain: A Complete Guide for International Students,study-in-spain-complete-guide,
6a5306024f3f80abb5bdc9f9,2026-07-12T03:12:02.254Z,,,https://cdn.prod.website-files.com/68fd63e9503df62b019b5c9b/6a53059e000dac4b34fff7d5_photo-1555848962-6e79363ec58f.jpeg,,A detailed comparison of TestDaF and DSH — the two main German language exams required for university admission in Germany. Learn which one suits your goals.,"If you are planning to study at a German university, you will likely need to prove your German language proficiency. The two most recognized exams for this purpose are TestDaF (Test Deutsch als Fremdsprache) and DSH (Deutsche Sprachprufung fur den Hochschulzugang). TestDaF is administered internationally and can be taken at test centers around the world. It consists of four sections: Reading, Listening, Writing, and Speaking. Each section is scored on a scale from TDN 3 to TDN 5. Most universities require a minimum of TDN 4 in all sections for admission. DSH, on the other hand, is administered directly by German universities. This means you typically need to be in Germany to take it. At UniStation, our German language courses prepare students for both exams with comprehensive coverage of academic reading, listening comprehension, essay writing, and oral presentation skills.","If you are planning to study at a German university, you will likely need to prove your German language proficiency. The two most recognized exams for this purpose are TestDaF (Test Deutsch als Fremdsprache) and DSH (Deutsche Sprachprufung fur den Hochschulzugang). TestDaF is administered internationally and can be taken at test centers around the world. It consists of four sections: Reading, Listening, Writing, and Speaking. Each section is scored on a scale from TDN 3 to TDN 5. Most universities require a minimum of TDN 4 in all sections for admission. DSH, on the other hand, is administered directly by German universities. This means you typically need to be in Germany to take it. At UniStation, our German language courses prepare students for both exams with comprehensive coverage of academic reading, listening comprehension, essay writing, and oral presentation skills.",UniStation Team,False,"german, germany, testdaf, dsh",Understanding TestDaF and DSH: Which German Exam Is Right for You?,understanding-testdaf-dsh-exams,
6a5305ff9242911907306c54,2026-07-12T03:11:59.476Z,,,https://cdn.prod.website-files.com/68fd63e9503df62b019b5c9b/6a53059d85ba9499740f15b9_photo-1576091160550-2173dba999ef.jpeg,,Discover why thousands of international students choose Germany for medical studies — from tuition-free universities to world-class hospitals and excellent post-graduation opportunities.,"Germany has become one of the most attractive destinations for international students pursuing medical degrees. With its combination of tuition-free public universities, world-renowned research facilities, and a strong healthcare system, Germany offers an unparalleled medical education experience. One of the biggest advantages of studying medicine in Germany is the cost. Most public universities charge little to no tuition fees, even for international students. You only need to pay a small semester contribution, which typically ranges from 100 to 350 euros. However, studying medicine in Germany requires a solid command of the German language. Most medical programs are taught in German, and you will need to pass language proficiency exams such as TestDaF or DSH before admission. At UniStation, we offer comprehensive German language courses specifically designed for medical students. After graduation, Germany offers excellent career opportunities with an 18-month job seeker visa for international graduates.","Germany has become one of the most attractive destinations for international students pursuing medical degrees. With its combination of tuition-free public universities, world-renowned research facilities, and a strong healthcare system, Germany offers an unparalleled medical education experience. One of the biggest advantages of studying medicine in Germany is the cost. Most public universities charge little to no tuition fees, even for international students. You only need to pay a small semester contribution, which typically ranges from 100 to 350 euros. However, studying medicine in Germany requires a solid command of the German language. Most medical programs are taught in German, and you will need to pass language proficiency exams such as TestDaF or DSH before admission. At UniStation, we offer comprehensive German language courses specifically designed for medical students. After graduation, Germany offers excellent career opportunities with an 18-month job seeker visa for international graduates.",UniStation Team,True,"german, germany, medicine",Why Germany Is the Best Destination for Medical Students,why-germany-best-destination-medical-students,
6a5305fd1b0cfa936c0ed09d,2026-07-12T03:11:57.057Z,,,https://cdn.prod.website-files.com/68fd63e9503df62b019b5c9b/6a53059cb8b2536b5ecccfda_photo-1455390582262-044cdead277a.jpeg,,"Proven strategies and techniques to help you achieve a Band 7 or higher in the IELTS Writing module, including structure templates and common mistakes to avoid.","Achieving a Band 7 or higher in IELTS Writing requires more than just good English skills. It demands a clear understanding of the scoring criteria, proper essay structure, and consistent practice with targeted feedback. The IELTS Writing test consists of two tasks. In Task 1, you must describe a chart, graph, table, or diagram in at least 150 words. In Task 2, you need to write an essay of at least 250 words responding to a given prompt. Both tasks are graded on four criteria: Task Achievement, Coherence and Cohesion, Lexical Resource, and Grammatical Range and Accuracy. To score Band 7+, you need to present a clear position throughout your essay, use a range of complex sentence structures, and demonstrate precise vocabulary. Avoid common mistakes such as using contractions in formal writing, failing to address all parts of the prompt, or not providing supporting examples for your arguments. Our IELTS preparation course at UniStation focuses heavily on writing improvement. We provide structured templates, practice exercises, and detailed feedback on every writing task you submit.","Achieving a Band 7 or higher in IELTS Writing requires more than just good English skills. It demands a clear understanding of the scoring criteria, proper essay structure, and consistent practice with targeted feedback. The IELTS Writing test consists of two tasks. In Task 1, you must describe a chart, graph, table, or diagram in at least 150 words. In Task 2, you need to write an essay of at least 250 words responding to a given prompt. Both tasks are graded on four criteria: Task Achievement, Coherence and Cohesion, Lexical Resource, and Grammatical Range and Accuracy. To score Band 7+, you need to present a clear position throughout your essay, use a range of complex sentence structures, and demonstrate precise vocabulary. Avoid common mistakes such as using contractions in formal writing, failing to address all parts of the prompt, or not providing supporting examples for your arguments. Our IELTS preparation course at UniStation focuses heavily on writing improvement. We provide structured templates, practice exercises, and detailed feedback on every writing task you submit.",UniStation Team,False,"english, ielts",How to Score Band 7+ in IELTS Writing,how-to-score-band-7-ielts-writing,
6a5305fc86942d09a52f7ed9,2026-07-12T03:11:56.097Z,,,https://cdn.prod.website-files.com/68fd63e9503df62b019b5c9b/6a53059b9242911907302057_photo-1456513080510-7bf3a84b82f8.jpeg,,"Everything you need to know about preparing for the IELTS Academic test, from scoring criteria to study strategies and expert tips that will help you achieve your target band score.","The IELTS Academic test is one of the most widely recognized English proficiency exams in the world. Whether you are applying to universities in the UK, Australia, Canada, or other English-speaking countries, achieving a high IELTS score is often a critical requirement for admission. In this comprehensive guide, we cover the four modules of the IELTS Academic test: Listening, Reading, Writing, and Speaking. Each module requires a different set of skills and strategies. For the Listening module, you will need to practice note-taking and identifying key information from audio recordings. The Reading module tests your ability to comprehend academic texts quickly and accurately. The Writing module is often the most challenging for students. Task 1 requires you to describe visual data such as charts, graphs, or diagrams, while Task 2 asks you to write a well-structured essay on a given topic. Our certified trainers at UniStation have helped over 1000 students improve their writing scores through targeted practice and personalized feedback. For the Speaking module, confidence and fluency are key. Practice speaking English daily, record yourself, and review your performance. Our IELTS course includes mock speaking tests with examiner-style feedback to help you perform at your best on test day.","The IELTS Academic test is one of the most widely recognized English proficiency exams in the world. Whether you are applying to universities in the UK, Australia, Canada, or other English-speaking countries, achieving a high IELTS score is often a critical requirement for admission. In this comprehensive guide, we cover the four modules of the IELTS Academic test: Listening, Reading, Writing, and Speaking. Each module requires a different set of skills and strategies. For the Listening module, you will need to practice note-taking and identifying key information from audio recordings. The Reading module tests your ability to comprehend academic texts quickly and accurately. The Writing module is often the most challenging for students. Task 1 requires you to describe visual data such as charts, graphs, or diagrams, while Task 2 asks you to write a well-structured essay on a given topic. Our certified trainers at UniStation have helped over 1000 students improve their writing scores through targeted practice and personalized feedback. For the Speaking module, confidence and fluency are key. Practice speaking English daily, record yourself, and review your performance. Our IELTS course includes mock speaking tests with examiner-style feedback to help you perform at your best on test day.",UniStation Team,True,"english, ielts",Complete Guide to IELTS Academic Preparation in 2025,complete-guide-ielts-academic-preparation,
6a51eef0be182732939d54c7,2026-07-11T07:21:20.666Z,,Scholarship Opportunities for International Medical Students in 2025,https://cdn.prod.website-files.com/68fd63e9503df62b019b5c9b/6a520cd008f74ba893e15314_degree-recognition.jpg,,"A comprehensive overview of the best scholarships available for students pursuing medical degrees abroad, including fully-funded programs, merit-based awards, and country-specific grants.","<p>Funding your medical education abroad can seem daunting, but numerous scholarship opportunities exist specifically for international students. In this guide, we explore the most impactful scholarships and grants that can significantly reduce or even eliminate the financial burden of studying medicine overseas.</p><h3>Fully-Funded Government Scholarships</h3><p>Several governments offer fully-funded scholarships for international medical students. The Georgian Government Scholarship Program provides tuition waivers for outstanding international students enrolled in accredited medical universities. Similarly, countries like Turkey, Poland, and Romania offer government-sponsored scholarships that cover tuition, accommodation, and monthly stipends for selected candidates.</p><h3>University-Specific Merit Awards</h3><p>Many medical universities have their own merit-based scholarship programs. Tbilisi State Medical University offers the International Excellence Award, which provides partial tuition coverage ranging from 20% to 50% based on academic achievement. The University of Georgia runs a similar program for students maintaining a GPA above 3.5. These awards are typically renewable each year, provided the student continues to meet the academic requirements.</p><h3>Regional and International Organizations</h3><p>Organizations such as the World Health Organization (WHO), the Islamic Development Bank (IsDB), and the Aga Khan Foundation offer scholarships and educational grants for students from developing countries pursuing medical degrees abroad. The IsDB Scholarship Program, for instance, covers full tuition, living expenses, and even provides a monthly allowance for medical students from member countries.</p><h3>How to Maximize Your Chances</h3><p>Start your scholarship search at least 6-12 months before your intended enrollment date. Prepare a compelling personal statement, secure strong recommendation letters, and maintain excellent academic records. Many scholarships also value community involvement and leadership experience, so document your extracurricular activities thoroughly. At UniStation, we assist our students in preparing competitive scholarship applications and connecting with funding opportunities that match their profile.</p>","<p>Funding your medical education abroad can seem daunting, but numerous scholarship opportunities exist specifically for international students. In this guide, we explore the most impactful scholarships and grants that can significantly reduce or even eliminate the financial burden of studying medicine overseas.</p><h3>Fully-Funded Government Scholarships</h3><p>Several governments offer fully-funded scholarships for international medical students. The Georgian Government Scholarship Program provides tuition waivers for outstanding international students enrolled in accredited medical universities. Similarly, countries like Turkey, Poland, and Romania offer government-sponsored scholarships that cover tuition, accommodation, and monthly stipends for selected candidates.</p><h3>University-Specific Merit Awards</h3><p>Many medical universities have their own merit-based scholarship programs. Tbilisi State Medical University offers the International Excellence Award, which provides partial tuition coverage ranging from 20% to 50% based on academic achievement. The University of Georgia runs a similar program for students maintaining a GPA above 3.5. These awards are typically renewable each year, provided the student continues to meet the academic requirements.</p><h3>Regional and International Organizations</h3><p>Organizations such as the World Health Organization (WHO), the Islamic Development Bank (IsDB), and the Aga Khan Foundation offer scholarships and educational grants for students from developing countries pursuing medical degrees abroad. The IsDB Scholarship Program, for instance, covers full tuition, living expenses, and even provides a monthly allowance for medical students from member countries.</p><h3>How to Maximize Your Chances</h3><p>Start your scholarship search at least 6-12 months before your intended enrollment date. Prepare a compelling personal statement, secure strong recommendation letters, and maintain excellent academic records. Many scholarships also value community involvement and leadership experience, so document your extracurricular activities thoroughly. At UniStation, we assist our students in preparing competitive scholarship applications and connecting with funding opportunities that match their profile.</p>",UniStation Team,True,,Scholarship Opportunities for International Medical Students in 2025,scholarship-opportunities-international-medical-students-2025,
6a51d5e05e9255c011cc3749,2026-07-11T05:34:24.123Z,,Why Georgia is the Top Destination for Medical Students in 2025,https://cdn.prod.website-files.com/68fd63e9503df62b019b5c9b/6a520cf01dd7916d72d44438_tbilisi-guide.jpg,,Discover why thousands of international students are choosing Georgia for their medical education — from affordable tuition to globally recognized degrees and English-taught programs.,"<p>Georgia has rapidly emerged as one of the most sought-after destinations for international students pursuing medical education. With its combination of affordable tuition fees, globally recognized medical degrees, and English-taught programs, it is no surprise that the country is attracting students from across the Middle East, Africa, and Asia.</p><h3>Affordable Tuition Without Compromising Quality</h3><p>Compared to medical schools in Europe or North America, Georgian universities offer medical programs at a fraction of the cost. Tuition fees typically range from $4,000 to $8,000 per year, making it an accessible option for families seeking quality education without the financial burden.</p><h3>Globally Recognized Degrees</h3><p>Medical degrees obtained from accredited Georgian universities are recognized by major international bodies including the World Health Organization (WHO) and the Educational Commission for Foreign Medical Graduates (ECFMG). This means graduates can pursue residency programs and medical licensing in numerous countries worldwide.</p><h3>English-Taught Programs</h3><p>Most medical universities in Georgia offer complete programs in English, eliminating the language barrier for international students. This allows students to focus entirely on their studies without the additional challenge of learning a new language.</p><h3>A Safe and Welcoming Environment</h3><p>Georgia consistently ranks as one of the safest countries in Europe. Its capital, Tbilisi, offers a vibrant mix of modern amenities and rich cultural heritage, making it an ideal home away from home for international students.</p>","<p>Georgia has rapidly emerged as one of the most sought-after destinations for international students pursuing medical education. With its combination of affordable tuition fees, globally recognized medical degrees, and English-taught programs, it is no surprise that the country is attracting students from across the Middle East, Africa, and Asia.</p><h3>Affordable Tuition Without Compromising Quality</h3><p>Compared to medical schools in Europe or North America, Georgian universities offer medical programs at a fraction of the cost. Tuition fees typically range from $4,000 to $8,000 per year, making it an accessible option for families seeking quality education without the financial burden.</p><h3>Globally Recognized Degrees</h3><p>Medical degrees obtained from accredited Georgian universities are recognized by major international bodies including the World Health Organization (WHO) and the Educational Commission for Foreign Medical Graduates (ECFMG). This means graduates can pursue residency programs and medical licensing in numerous countries worldwide.</p><h3>English-Taught Programs</h3><p>Most medical universities in Georgia offer complete programs in English, eliminating the language barrier for international students. This allows students to focus entirely on their studies without the additional challenge of learning a new language.</p><h3>A Safe and Welcoming Environment</h3><p>Georgia consistently ranks as one of the safest countries in Europe. Its capital, Tbilisi, offers a vibrant mix of modern amenities and rich cultural heritage, making it an ideal home away from home for international students.</p>",UniStation Team,True,,Why Georgia is the Top Destination for Medical Students in 2025,why-georgia-top-medical-destination-2025,
6a51d5e05e9255c011cc3746,2026-07-11T05:34:24.123Z,,Complete Guide to Studying Medicine in Tbilisi,https://cdn.prod.website-files.com/68fd63e9503df62b019b5c9b/6a520d02a697290302020a91_georgia-medical.jpg,,Everything you need to know about pursuing your medical degree in Tbilisi — from university selection and admission requirements to student life and career prospects.,"<p>Tbilisi, the capital city of Georgia, is home to some of the most prestigious medical universities in the Caucasus region. This comprehensive guide covers everything an aspiring medical student needs to know before making the move.</p><h3>Top Medical Universities in Tbilisi</h3><p>The city boasts several highly-ranked medical institutions including Tbilisi State Medical University (TSMU), which is the oldest and most established medical school in Georgia, founded in 1918. Other notable institutions include the University of Georgia and the Georgian National University.</p><h3>Admission Requirements</h3><p>Admission to medical programs in Tbilisi typically requires a high school diploma with strong grades in biology and chemistry. Most universities conduct entrance interviews, and some require standardized test scores. The application process is straightforward, and many universities offer rolling admissions throughout the year.</p><h3>Student Life in Tbilisi</h3><p>Life in Tbilisi is an incredible experience for international students. The city offers affordable housing, delicious cuisine, a thriving arts scene, and easy access to stunning natural landscapes. The cost of living is significantly lower than in most European capitals, allowing students to enjoy a comfortable lifestyle while focusing on their studies.</p><h3>After Graduation</h3><p>Graduates from Tbilisi medical universities have successfully pursued careers in hospitals and research institutions across the globe. The strong foundation in clinical practice and theoretical knowledge prepares students for licensing exams in the US, UK, EU, and Middle Eastern countries.</p>","<p>Tbilisi, the capital city of Georgia, is home to some of the most prestigious medical universities in the Caucasus region. This comprehensive guide covers everything an aspiring medical student needs to know before making the move.</p><h3>Top Medical Universities in Tbilisi</h3><p>The city boasts several highly-ranked medical institutions including Tbilisi State Medical University (TSMU), which is the oldest and most established medical school in Georgia, founded in 1918. Other notable institutions include the University of Georgia and the Georgian National University.</p><h3>Admission Requirements</h3><p>Admission to medical programs in Tbilisi typically requires a high school diploma with strong grades in biology and chemistry. Most universities conduct entrance interviews, and some require standardized test scores. The application process is straightforward, and many universities offer rolling admissions throughout the year.</p><h3>Student Life in Tbilisi</h3><p>Life in Tbilisi is an incredible experience for international students. The city offers affordable housing, delicious cuisine, a thriving arts scene, and easy access to stunning natural landscapes. The cost of living is significantly lower than in most European capitals, allowing students to enjoy a comfortable lifestyle while focusing on their studies.</p><h3>After Graduation</h3><p>Graduates from Tbilisi medical universities have successfully pursued careers in hospitals and research institutions across the globe. The strong foundation in clinical practice and theoretical knowledge prepares students for licensing exams in the US, UK, EU, and Middle Eastern countries.</p>",UniStation Team,False,,Complete Guide to Studying Medicine in Tbilisi,complete-guide-studying-medicine-tbilisi,
6a51d5e05e9255c011cc3743,2026-07-11T05:34:24.123Z,,Cost of Living in Georgia: A Student Budget Breakdown,https://cdn.prod.website-files.com/68fd63e9503df62b019b5c9b/6a51d5d45e9255c011cc3683_image19.jpeg,,"A detailed breakdown of monthly expenses for international students in Georgia — including accommodation, food, transport, and entertainment.","<p>One of the biggest advantages of studying in Georgia is the affordable cost of living. In this article, we break down the typical monthly expenses for an international student living in Tbilisi.</p><h3>Accommodation: $200 - $500/month</h3><p>Student housing options range from university dormitories ($150-250/month) to private apartments ($300-500/month). Shared apartments are the most popular option, offering privacy and comfort at a reasonable price. Most apartments come fully furnished with all necessary amenities.</p><h3>Food and Groceries: $150 - $250/month</h3><p>Georgia is famous for its cuisine, and eating out is incredibly affordable. A meal at a local restaurant costs between $3-8, while cooking at home can reduce your food budget significantly. Local markets offer fresh produce at very low prices.</p><h3>Transportation: $20 - $40/month</h3><p>Tbilisi has an excellent public transportation system including buses and the metro. A monthly transit pass costs around $15. Taxis are also very affordable, with most rides within the city costing $2-5.</p><h3>Health Insurance: $30 - $60/month</h3><p>International students are required to have health insurance. Several affordable options are available specifically designed for students, covering doctor visits, hospital stays, and emergency care.</p><h3>Total Monthly Budget: $400 - $850</h3><p>With careful planning, a student can live comfortably in Tbilisi for $500-600 per month, making it one of the most affordable student cities in Europe.</p>","<p>One of the biggest advantages of studying in Georgia is the affordable cost of living. In this article, we break down the typical monthly expenses for an international student living in Tbilisi.</p><h3>Accommodation: $200 - $500/month</h3><p>Student housing options range from university dormitories ($150-250/month) to private apartments ($300-500/month). Shared apartments are the most popular option, offering privacy and comfort at a reasonable price. Most apartments come fully furnished with all necessary amenities.</p><h3>Food and Groceries: $150 - $250/month</h3><p>Georgia is famous for its cuisine, and eating out is incredibly affordable. A meal at a local restaurant costs between $3-8, while cooking at home can reduce your food budget significantly. Local markets offer fresh produce at very low prices.</p><h3>Transportation: $20 - $40/month</h3><p>Tbilisi has an excellent public transportation system including buses and the metro. A monthly transit pass costs around $15. Taxis are also very affordable, with most rides within the city costing $2-5.</p><h3>Health Insurance: $30 - $60/month</h3><p>International students are required to have health insurance. Several affordable options are available specifically designed for students, covering doctor visits, hospital stays, and emergency care.</p><h3>Total Monthly Budget: $400 - $850</h3><p>With careful planning, a student can live comfortably in Tbilisi for $500-600 per month, making it one of the most affordable student cities in Europe.</p>",UniStation Team,True,,Cost of Living in Georgia: A Student Budget Breakdown,cost-of-living-georgia-student-budget,
6a51d5e05e9255c011cc3740,2026-07-11T05:34:24.123Z,,English-Taught Medical Programs in Eastern Europe,https://cdn.prod.website-files.com/68fd63e9503df62b019b5c9b/6a51d5d45e9255c011cc3686_image20.jpeg,,"Comparing English-taught medical programs across Georgia, Poland, Romania, and other Eastern European countries — find the best fit for your medical career.","<p>Eastern Europe has become a hub for international medical education, with several countries offering high-quality English-taught programs. In this article, we compare the most popular destinations to help you make an informed decision.</p><h3>Georgia</h3><p>Georgia offers the most affordable medical programs with tuition starting from $4,000/year. The admission process is relatively simple, and the country offers a warm, welcoming environment for international students. Programs are 6 years and include extensive clinical training.</p><h3>Poland</h3><p>Polish medical universities are known for their rigorous academic standards and modern facilities. Tuition ranges from $10,000-15,000/year. The country offers excellent post-graduation opportunities within the EU.</p><h3>Romania</h3><p>Romania provides quality medical education at moderate prices ($5,000-8,000/year). Many programs are recognized across the EU, and the country offers a rich cultural experience.</p><h3>Making Your Choice</h3><p>The best choice depends on your budget, career goals, and personal preferences. Georgia stands out for its affordability and straightforward admission process, while Poland and Romania offer EU integration benefits. UniStation can help you evaluate your options and find the perfect fit.</p>","<p>Eastern Europe has become a hub for international medical education, with several countries offering high-quality English-taught programs. In this article, we compare the most popular destinations to help you make an informed decision.</p><h3>Georgia</h3><p>Georgia offers the most affordable medical programs with tuition starting from $4,000/year. The admission process is relatively simple, and the country offers a warm, welcoming environment for international students. Programs are 6 years and include extensive clinical training.</p><h3>Poland</h3><p>Polish medical universities are known for their rigorous academic standards and modern facilities. Tuition ranges from $10,000-15,000/year. The country offers excellent post-graduation opportunities within the EU.</p><h3>Romania</h3><p>Romania provides quality medical education at moderate prices ($5,000-8,000/year). Many programs are recognized across the EU, and the country offers a rich cultural experience.</p><h3>Making Your Choice</h3><p>The best choice depends on your budget, career goals, and personal preferences. Georgia stands out for its affordability and straightforward admission process, while Poland and Romania offer EU integration benefits. UniStation can help you evaluate your options and find the perfect fit.</p>",UniStation Team,False,,English-Taught Medical Programs in Eastern Europe,english-taught-medical-programs-eastern-europe,
6a51d5e05e9255c011cc373d,2026-07-11T05:34:24.123Z,,How to Get Your Medical Degree Recognized Internationally,https://cdn.prod.website-files.com/68fd63e9503df62b019b5c9b/6a51d5d45e9255c011cc367c_image20.jpeg,,"A step-by-step guide to licensing and recognizing your Georgian medical degree in the UAE, UK, USA, and other countries.","<p>One of the most common concerns for students considering studying medicine abroad is degree recognition. This guide explains how graduates from Georgian medical universities can practice medicine in various countries around the world.</p><h3>United Arab Emirates (UAE)</h3><p>The UAE Ministry of Education requires degree attestation, which involves verifying your degree with the Georgian Ministry of Education, followed by UAE embassy attestation. After that, you will need to pass the UAE licensing exam (DHA, DOH, or MOH) to practice medicine.</p><h3>United Kingdom (PLAB)</h3><p>Graduates from WHO-listed medical schools (which includes accredited Georgian universities) are eligible to take the PLAB test. Passing both parts of PLAB allows you to register with the GMC and practice medicine in the UK.</p><h3>United States (USMLE)</h3><p>Georgian medical graduates are eligible to take the USMLE (United States Medical Licensing Examination). After passing all three steps and completing a residency program, you can practice medicine in the US.</p><h3>European Union</h3><p>Medical degrees from accredited Georgian universities are recognized in many EU countries, though some may require additional language proficiency tests or bridging courses.</p><h3>How UniStation Helps</h3><p>UniStation provides comprehensive support throughout the recognition process, including document preparation, attestation guidance, and exam preparation resources. Our experienced team has helped hundreds of graduates successfully navigate the licensing process in their target countries.</p>","<p>One of the most common concerns for students considering studying medicine abroad is degree recognition. This guide explains how graduates from Georgian medical universities can practice medicine in various countries around the world.</p><h3>United Arab Emirates (UAE)</h3><p>The UAE Ministry of Education requires degree attestation, which involves verifying your degree with the Georgian Ministry of Education, followed by UAE embassy attestation. After that, you will need to pass the UAE licensing exam (DHA, DOH, or MOH) to practice medicine.</p><h3>United Kingdom (PLAB)</h3><p>Graduates from WHO-listed medical schools (which includes accredited Georgian universities) are eligible to take the PLAB test. Passing both parts of PLAB allows you to register with the GMC and practice medicine in the UK.</p><h3>United States (USMLE)</h3><p>Georgian medical graduates are eligible to take the USMLE (United States Medical Licensing Examination). After passing all three steps and completing a residency program, you can practice medicine in the US.</p><h3>European Union</h3><p>Medical degrees from accredited Georgian universities are recognized in many EU countries, though some may require additional language proficiency tests or bridging courses.</p><h3>How UniStation Helps</h3><p>UniStation provides comprehensive support throughout the recognition process, including document preparation, attestation guidance, and exam preparation resources. Our experienced team has helped hundreds of graduates successfully navigate the licensing process in their target countries.</p>",UniStation Team,True,,How to Get Your Medical Degree Recognized Internationally,medical-degree-recognition-international-guide,
